id,raw_text
681237571281249103,Sample text for entry 1 with some random UUID: 62afb3fd-235a-4a18-95f4-32d428f13bb4
162767220114123583,Sample text for entry 2 with some random UUID: d5d5a9de-21e3-4483-8e31-e593a5f34323
31056994577013475,Sample text for entry 3 with some random UUID: d9f72713-1b5f-4162-bcac-3185741b890e
742096489173439909,Sample text for entry 4 with some random UUID: df5d65e4-513f-466d-9586-6d096fe7273b
88440063211670274,Sample text for entry 5 with some random UUID: 56cac56e-5c44-407d-9d5a-ec4a69e11bc9
487806495911175758,Sample text for entry 6 with some random UUID: 49d6bf14-412e-4303-a296-082861158626
203830352950295429,Sample text for entry 7 with some random UUID: ff3f60d7-a3b7-4657-90e8-717ea7a921ee
421186150337892968,Sample text for entry 8 with some random UUID: 0ce7cc30-bfcf-402b-a54a-6316fa5641bd
706032300643209327,Sample text for entry 9 with some random UUID: da0c5220-c463-4865-8611-0951413b5467
878597174113363381,Sample text for entry 10 with some random UUID: c1af8007-78c7-4774-b40a-1cd2b057efe5
304098856612894296,Sample text for entry 11 with some random UUID: 5e99bf3c-c739-447d-836a-9ba108c41975
87876384878624487,Sample text for entry 12 with some random UUID: 32b2e449-b5bb-4355-99fb-3f1e8a2abfc5
180673720496111097,Sample text for entry 13 with some random UUID: 722287c9-0c58-4287-9177-f341f80cc0a4
572083384409023733,Sample text for entry 14 with some random UUID: 74952c35-4a3d-4836-9a3b-8d4b65b20bc5
423354761046651022,Sample text for entry 15 with some random UUID: 4e5727da-e65a-4b8e-93b5-b2506f3bf2f4
13874610745471933,Sample text for entry 16 with some random UUID: 0c66fb52-ce76-41f3-b503-ec77586696be
470854269391427875,Sample text for entry 17 with some random UUID: f7686829-b4ce-44c4-b302-f52b03027f71
142803280075267014,Sample text for entry 18 with some random UUID: 688903bc-1fe2-4ab1-852b-3fa955e35431
138645470700688820,Sample text for entry 19 with some random UUID: dca33ad6-549d-4651-b4ea-abea19882578
15305291188428408,Sample text for entry 20 with some random UUID: 373095aa-d2b8-4159-b5c5-216acb842fe9
